f	160504	HEAD	633ab-p250-bot.png
f	317477	HEAD	633ab-p250-fit.png
f	281343	HEAD	633ab-p250-left.png
f	211506	HEAD	633ab-p250-q00.png
f	82456	HEAD	633ab-p250-q01.png
f	145008	HEAD	633ab-p250-q10.png
f	34871	HEAD	633ab-p250-q11.png
f	168594	HEAD	633ab-p250-right.png
f	493692	HEAD	633ab-p250-top.png
f	670828	HEAD	_rv/a633_193_right-193.png
f	444748	HEAD	_rv/a633_193_top-193.png
f	476829	HEAD	_rv/a633_244_top-244.png
f	405826	HEAD	_rv/a633_p193-193.png
f	423598	HEAD	_rv/a633_p244-244.png
f	288145	HEAD	_rv/h103_2010_p87-87.png
f	309301	HEAD	_rv/h103_2011_p145-145.png
f	119883	HEAD	_rv/mil5j_p1023-1023.png
f	480550	HEAD	_rv/pna_p333-333.png
f	168223	HEAD	iso-p10-y0.png
f	160061	HEAD	iso-p10-y1.png
f	106424	HEAD	iso-p20-r185.png
f	168717	HEAD	iso-p20-y0.png
f	155910	HEAD	iso-p20-y1.png
f	288826	HEAD	iso19901-4-p10-fit.png
f	288160	HEAD	iso19901-4-p20-fit.png
f	131115	HEAD	mil-p373-leftcols.png
f	185446	HEAD	mil-p373-rot-x0.png
f	149951	HEAD	mil-p373-rot-x1.png
