f	71	1781459545.1133058	/tmp/ascp-locks/verify__marine-engineering__flagged/meta.json
f	913	1781460170.466977	/tmp/checks-169.json
f	2398	1781459227.571229	/tmp/deckhand-patch-drift-issue.md
f	0	1781459772.9374864	/tmp/err.txt
f	2631	1781459719.442715	/tmp/frps-riser-paragraph.md
f	463	1781460019.5512605	/tmp/post-commit-learnings.log
f	162	1781460020.9363322	/tmp/post-commit-push.log
f	1143	1781459452.1458657	/tmp/pr-body-168.md
f	156709	1781459724.3249679	/tmp/r169_iso17_crop0.png
f	131609	1781459724.3769705	/tmp/r169_iso17_crop1.png
f	263128	1781459724.2649648	/tmp/r169_iso17_full.png
f	165376	1781459723.8779447	/tmp/r169_iso9_crop0.png
f	137913	1781459723.9269474	/tmp/r169_iso9_crop1.png
f	268641	1781459723.823942	/tmp/r169_iso9_full.png
f	157041	1781459724.7579904	/tmp/r169_mil273_full.png
f	149427	1781459725.213014	/tmp/r169_mil379_crop0.png
f	169932	1781459725.275017	/tmp/r169_mil379_crop1.png
f	268337	1781459725.1230092	/tmp/r169_mil379_full.png
f	176090	1781459844.9162157	/tmp/r169_mil379hdr_crop0.png
f	226502	1781459844.8332112	/tmp/r169_mil379hdr_full.png
f	175141	1781459816.1037228	/tmp/r169_mil379rot_crop0.png
f	146692	1781459816.1737266	/tmp/r169_mil379rot_crop1.png
f	226502	1781459816.0187185	/tmp/r169_mil379rot_full.png
f	114097	1781459921.2631707	/tmp/r169_milDL_crop0.png
f	226502	1781459921.2061677	/tmp/r169_milDL_full.png
f	91278	1781459921.6501908	/tmp/r169_milDR_crop0.png
f	226502	1781459921.6021883	/tmp/r169_milDR_full.png
f	44975	1781459973.6068814	/tmp/r169_milE_crop0.png
f	226502	1781459973.5728796	/tmp/r169_milE_full.png
f	66239	1781459887.9004426	/tmp/r169_milhdrL_crop0.png
f	226502	1781459887.8614404	/tmp/r169_milhdrL_full.png
f	58671	1781459888.2814622	/tmp/r169_milhdrR_crop0.png
f	226502	1781459888.2494607	/tmp/r169_milhdrR_full.png
f	80385	1781459878.239942	/tmp/r169_milhdr_crop0.png
f	226502	1781459878.1969397	/tmp/r169_milhdr_full.png
f	634603	1781459711.7683172	/tmp/r169_pna261_full.png
f	430342	1781459723.4819243	/tmp/r169_pna334_full.png
f	143528	1781459831.566524	/tmp/r304_crop0.png
f	178808	1781459831.6355276	/tmp/r304_crop1.png
f	287552	1781459831.5025206	/tmp/r304_full.png
f	63229	1781459887.621428	/tmp/r304crane2_crop0.png
f	287552	1781459887.5954268	/tmp/r304crane2_full.png
f	17548	1781459900.0170703	/tmp/r304crane3_crop0.png
f	287552	1781459900.0070698	/tmp/r304crane3_full.png
f	18577	1781459913.2967582	/tmp/r304crane4_crop0.png
f	287552	1781459913.2857575	/tmp/r304crane4_full.png
f	17935	1781459864.420226	/tmp/r304crane_crop0.png
f	287552	1781459864.4072254	/tmp/r304crane_full.png
f	108203	1781459682.6318078	/tmp/r369_crop0.png
f	106171	1781459682.67381	/tmp/r369_crop1.png
f	82917	1781459682.7028115	/tmp/r369_crop2.png
f	94430	1781459682.731813	/tmp/r369_crop3.png
f	297234	1781459682.580805	/tmp/r369_full.png
f	79309	1781459716.605568	/tmp/r369b_crop0.png
f	62684	1781459716.6355696	/tmp/r369b_crop1.png
f	297234	1781459716.5635657	/tmp/r369b_full.png
f	48125	1781459738.8197188	/tmp/r369c_crop0.png
f	150757	1781459738.878722	/tmp/r369c_crop1.png
f	297234	1781459738.7907174	/tmp/r369c_full.png
f	88527	1781459765.4891005	/tmp/r369d_crop0.png
f	110532	1781459765.534103	/tmp/r369d_crop1.png
f	297234	1781459765.438098	/tmp/r369d_full.png
f	2735	1781459435.95084	/tmp/verdicts-168-rejected.tsv
f	278	1781459435.9507232	/tmp/verdicts-168-verified.tsv
f	2108	1781460170.4667146	/tmp/verdicts-169-rejected.tsv
f	1668	1781460170.466493	/tmp/verdicts-169-verified.tsv
f	439219	1781459273.0675864	/tmp/vision-review-168/drilling-engineering/api-rp-5c-5-3r-2003-p112.png
f	220565	1781459362.988246	/tmp/vision-review-168/drilling-engineering/guide-guide-p121-rr.png
f	267777	1781459272.6785665	/tmp/vision-review-168/drilling-engineering/guide-guide-p121.png
f	197858	1781459271.3074954	/tmp/vision-review-168/drilling-engineering/iso-13679-1s-2002-p110.png
f	201214	1781459271.456503	/tmp/vision-review-168/drilling-engineering/iso-13679-1s-2002-p111.png
f	199977	1781459271.5775094	/tmp/vision-review-168/drilling-engineering/iso-13679-1s-2002-p112.png
f	201596	1781459271.6985157	/tmp/vision-review-168/drilling-engineering/iso-13679-1s-2002-p113.png
f	195905	1781459271.822522	/tmp/vision-review-168/drilling-engineering/iso-13679-1s-2002-p115.png
f	200300	1781459271.9525287	/tmp/vision-review-168/drilling-engineering/iso-13679-1s-2002-p116.png
f	198430	1781459272.091536	/tmp/vision-review-168/drilling-engineering/iso-13679-1s-2002-p117.png
f	198911	1781459272.2195425	/tmp/vision-review-168/drilling-engineering/iso-13679-1s-2002-p118.png
f	198152	1781459272.3505495	/tmp/vision-review-168/drilling-engineering/iso-13679-1s-2002-p119.png
f	199865	1781459272.479556	/tmp/vision-review-168/drilling-engineering/iso-13679-1s-2002-p120.png
f	3482	1781459273.0705867	/tmp/vision-review-168/manifest.csv
f	6416	1781459564.5947552	/tmp/vision-review-169/manifest.csv
f	362849	1781459563.5586383	/tmp/vision-review-169/marine-engineering/dnv-os-304-2006-p21.png
f	311593	1781459564.3096774	/tmp/vision-review-169/marine-engineering/iso-19901-4-unknown-p17.png
f	317136	1781459564.1636698	/tmp/vision-review-169/marine-engineering/iso-19901-4-unknown-p9.png
f	357670	1781459563.1926196	/tmp/vision-review-169/marine-engineering/mil-5j-2003-metallic-materials-and-elements-for-aerospace-vehicle-structures-mil-5j-2003-metallic-materials-and-elements-for-aerospace-vehicle-structures-p1598.png
f	189203	1781459564.4636853	/tmp/vision-review-169/marine-engineering/mil-5j-2003-metallic-materials-and-elements-for-aerospace-vehicle-structures-mil-5j-2003-metallic-materials-and-elements-for-aerospace-vehicle-structures-p273.png
f	353074	1781459562.8166	/tmp/vision-review-169/marine-engineering/mil-5j-2003-metallic-materials-and-elements-for-aerospace-vehicle-structures-mil-5j-2003-metallic-materials-and-elements-for-aerospace-vehicle-structures-p377.png
f	322860	1781459564.591692	/tmp/vision-review-169/marine-engineering/mil-5j-2003-metallic-materials-and-elements-for-aerospace-vehicle-structures-mil-5j-2003-metallic-materials-and-elements-for-aerospace-vehicle-structures-p379.png
f	198003	1781459563.6886451	/tmp/vision-review-169/marine-engineering/mil-5j-2003-metallic-materials-and-elements-for-aerospace-vehicle-structures-mil-5j-2003-metallic-materials-and-elements-for-aerospace-vehicle-structures-p956.png
f	692767	1781459563.0366113	/tmp/vision-review-169/marine-engineering/mil-5j-2003-metallic-materials-and-elements-for-aerospace-vehicle-structures-mil-5j-2003-metallic-materials-and-elements-for-aerospace-vehicle-structures-p969.png
f	769440	1781459563.3846295	/tmp/vision-review-169/marine-engineering/principles-of-naval-architecture-vol2-resistance-propulsion-vibration-principles-of-naval-architecture-vol2-resistance-propulsion-vibration-p132.png
f	755524	1781459563.8876555	/tmp/vision-review-169/marine-engineering/principles-of-naval-architecture-vol2-resistance-propulsion-vibration-principles-of-naval-architecture-vol2-resistance-propulsion-vibration-p261.png
f	476410	1781459564.0326629	/tmp/vision-review-169/marine-engineering/principles-of-naval-architecture-vol2-resistance-propulsion-vibration-principles-of-naval-architecture-vol2-resistance-propulsion-vibration-p334.png
