d	4096	1781460414.6217215600	/tmp/vision-review-169
d	4096	1781460526.9425391920	/tmp/vision-review-169/asset-management
f	128893	1781460413.1146435020	/tmp/vision-review-169/asset-management/warship-naval-submarines-9-warship-naval-submarines-9-p459.png
f	183855	1781460526.9895416270	/tmp/vision-review-169/asset-management/api581-zoom.png
f	207028	1781460526.9005370170	/tmp/vision-review-169/asset-management/solas-p428-bot.png
f	210292	1781460526.8275332350	/tmp/vision-review-169/asset-management/solas-p428-top.png
f	213140	1781460414.6197214560	/tmp/vision-review-169/asset-management/api-rp-687-2001-p423.png
f	227766	1781460412.3536040840	/tmp/vision-review-169/asset-management/api-rp-687-2001-p379.png
f	232620	1781460478.5130307770	/tmp/vision-review-169/asset-management/warship-p459-rr.png
f	297376	1781460413.4206593510	/tmp/vision-review-169/asset-management/api-581-2008-p309.png
f	367654	1781460478.6400373550	/tmp/vision-review-169/asset-management/solas-p428-rr.png
f	3884	1781460414.6227216120	/tmp/vision-review-169/manifest.csv
f	414796	1781460414.0156901710	/tmp/vision-review-169/asset-management/solas-2020-consolidated-edition-solas-2020-consolidated-edition-p34.png
f	417776	1781460414.1686980960	/tmp/vision-review-169/asset-management/solas-2020-consolidated-edition-solas-2020-consolidated-edition-p43.png
f	423011	1781460414.3197059170	/tmp/vision-review-169/asset-management/solas-2020-consolidated-edition-solas-2020-consolidated-edition-p424.png
f	430005	1781460413.6286701250	/tmp/vision-review-169/asset-management/solas-2020-consolidated-edition-solas-2020-consolidated-edition-p428.png
f	431485	1781460413.8626822460	/tmp/vision-review-169/asset-management/api-rp-2016-unknown-p109.png
f	439251	1781460414.4737138940	/tmp/vision-review-169/asset-management/solas-2020-consolidated-edition-solas-2020-consolidated-edition-p426.png
f	474613	1781460412.5816158940	/tmp/vision-review-169/asset-management/api-598-2004-p17.png
f	66559	1781460412.7186229900	/tmp/vision-review-169/asset-management/otc-202001-abs-fpso-papers-otc-202001-abs-fpso-papers-p14.png
