relative_path	stage_size
1.00 - Subsea Production Systems - General Overview/Old Versions/2018-03-18 - Lunch and Learn - Subsea Umbilical Systems Part 2.pdf	63278
1.00 - Subsea Production Systems - General Overview/Old Versions/2018-04-03 - Lunch and Learn - Subsea Umbilical Systems Part 3.pdf	60283
1.00 - Subsea Production Systems - General Overview/Old Versions/Subsea Production Systems - Part 1, Introduction (DRAFT).pdf	5741792
1.00 - Subsea Production Systems - General Overview/Old Versions/Subsea Production Systems - Part 1, Introduction (DRAFT).pptx	15187284
1.00 - Subsea Production Systems - General Overview/Old Versions/Subsea Production Systems - Part 1, Introduction (V1.0).pdf	6110635
1.00 - Subsea Production Systems - General Overview/Old Versions/Subsea Production Systems - Part 1, Introduction (V1.0).pptx	16788394
1.00 - Subsea Production Systems - General Overview/Old Versions/Subsea Production Systems - Part 1, Introduction (V1.1).pdf	6447875
1.00 - Subsea Production Systems - General Overview/Old Versions/Subsea Production Systems - Part 1, Introduction (V1.1).pptx	16923890
1.00 - Subsea Production Systems - General Overview/Old Versions/Thumbs.db	42496
1.00 - Subsea Production Systems - General Overview/References/2628-02-what-is-subsea.pdf	942130
1.00 - Subsea Production Systems - General Overview/References/An Introduction to Subsea Controls (2014).pdf	2691107
1.00 - Subsea Production Systems - General Overview/References/Artificial Lift for Subsea Applications (2016).pdf	962560
1.00 - Subsea Production Systems - General Overview/References/Considerations In Designing Multiphase Flow Lines (2012).pdf	401408
1.00 - Subsea Production Systems - General Overview/References/Design and Installation of Deepwater Petroleum Pipelines (2002).pdf	695546
1.00 - Subsea Production Systems - General Overview/References/Hess Offshore Guyana’s Liza Vs. Permian’s Delaware Basin (2018).pdf	483328
1.00 - Subsea Production Systems - General Overview/References/Introduction to Subsea Engineering for Electrical Engineers (2017).pdf	1821346
1.00 - Subsea Production Systems - General Overview/References/Introduction to Subsea Engineering for Electrical Engineers.pdf	1821346
1.00 - Subsea Production Systems - General Overview/References/Introduction to Subsea Production System (2016).pdf	14184498
1.00 - Subsea Production Systems - General Overview/References/Introduction to Subsea Production Systems (2015) by DNV.pdf	942130
1.00 - Subsea Production Systems - General Overview/References/Oil and Gas Production Handbook (2013).pdf	3107742
1.00 - Subsea Production Systems - General Overview/References/Overview of Subsea Production Systems (2015).pdf	2871609
1.00 - Subsea Production Systems - General Overview/References/Overview of Subsea Production Systems.pdf	2871609
1.00 - Subsea Production Systems - General Overview/References/Pages from Subsea Engineering Handbook (2010).pdf	2739776
1.00 - Subsea Production Systems - General Overview/References/Subsea Technology and Equipment (2016).pdf	3396638
1.00 - Subsea Production Systems - General Overview/References/Thumbs.db	241152
1.00 - Subsea Production Systems - General Overview/Subsea Production Systems - Part 1, Introduction (V1.2).pdf	6448518
1.00 - Subsea Production Systems - General Overview/Subsea Production Systems - Part 1, Introduction (V1.2).pptx	16923787
1.00 - Subsea Production Systems - General Overview/Thumbs.db	278016
1.01 - Subsea Production Control Systems - System Overview and Major Components/Embedded Charts/Methanol Analysis.xls	945664
1.01 - Subsea Production Control Systems - System Overview and Major Components/Embedded Charts/SPCS Diagrams.vsd	3470336
1.01 - Subsea Production Control Systems - System Overview and Major Components/Movies/Halliburton Electro-Hydraulic Control System- Dash™EH.mp4	58753355
1.01 - Subsea Production Control Systems - System Overview and Major Components/Movies/MacDermid Offshore - Simple Description of Control Fluid Operation in Subsea Systems.mp4	20738227
1.01 - Subsea Production Control Systems - System Overview and Major Components/Movies/Subsea Controls and Communications.mp4	55577005
1.01 - Subsea Production Control Systems - System Overview and Major Components/Movies/Thumbs.db	13312
1.01 - Subsea Production Control Systems - System Overview and Major Components/Old Revisions/Subsea Production Control Systems (V0).pdf	9835995
1.01 - Subsea Production Control Systems - System Overview and Major Components/Old Revisions/Subsea Production Control Systems (V0).pptx	15215897
1.01 - Subsea Production Control Systems - System Overview and Major Components/Old Revisions/Thumbs.db	77312
1.01 - Subsea Production Control Systems - System Overview and Major Components/References/2016-04 Study Examines New Production System Design for Ultra-Deepwater.pdf	3464490
1.01 - Subsea Production Control Systems - System Overview and Major Components/References/2016-05 Offshore Article.pdf	913793
1.01 - Subsea Production Control Systems - System Overview and Major Components/References/An Introduction to Subsea Controls (2014).pdf	2691988
1.01 - Subsea Production Control Systems - System Overview and Major Components/References/DNV - Introduction to Subsea Production Systems.pdf	1230549
1.01 - Subsea Production Control Systems - System Overview and Major Components/References/DNV - Production Control Systems.pdf	626132
1.01 - Subsea Production Control Systems - System Overview and Major Components/References/DNV - Subsea Building Blocks.pdf	4346972
1.01 - Subsea Production Control Systems - System Overview and Major Components/References/Design of an Electric X-mas Tree Gate Valve Actuator.pdf	4396295
1.01 - Subsea Production Control Systems - System Overview and Major Components/References/Enabling Pressure Tolerant Power Electronic Converters for Subsea Applications.pdf	698086
1.01 - Subsea Production Control Systems - System Overview and Major Components/References/Enabling Subsea Surveillance.pdf	2107541
1.01 - Subsea Production Control Systems - System Overview and Major Components/References/IBP2718-10 (Challenges of Electrohydraulic Landing Strings).pdf	273759
1.01 - Subsea Production Control Systems - System Overview and Major Components/References/IN-0014 Subsea Technology Review.pdf	8008926
1.01 - Subsea Production Control Systems - System Overview and Major Components/References/ITC-25009-MS (The Future of Electric Controls).pdf	368081
1.01 - Subsea Production Control Systems - System Overview and Major Components/References/IWIS-RP-A2 (IWIS Recommended Practice).pdf	312136
1.01 - Subsea Production Control Systems - System Overview and Major Components/References/Introduction to Subsea Engineering for Electrical Engineers.pdf	1866157
1.01 - Subsea Production Control Systems - System Overview and Major Components/References/Long Step-Out Systems for Subsea Pump and Compressor Applications.pdf	1321103
1.01 - Subsea Production Control Systems - System Overview and Major Components/References/MDIS Companion Specification Release V1.00.pdf	1429563
1.01 - Subsea Production Control Systems - System Overview and Major Components/References/OE Article - All Electric Systems.pdf	2471255
1.01 - Subsea Production Control Systems - System Overview and Major Components/References/OTC 20980 (Non-Intrusive Subsea Sensors).pdf	983515
1.01 - Subsea Production Control Systems - System Overview and Major Components/References/OTC 23929 (Reducing Intervention in Subsea Wells with Fiber Optic Technology).pdf	939073
1.01 - Subsea Production Control Systems - System Overview and Major Components/References/OTC 24204-MS (Subsea UPS Systems).pdf	924453
1.01 - Subsea Production Control Systems - System Overview and Major Components/References/OTC-25320-MS (Operation of Subsea Electrical Power Systems).pdf	6658765
1.01 - Subsea Production Control Systems - System Overview and Major Components/References/OTC-26166-MS (Using a Unified Controls System for Subsea Production and Pump Controls).pdf	4186812
1.01 - Subsea Production Control Systems - System Overview and Major Components/References/Subsea Control System for All-Electric Trees.pdf	2396749
1.01 - Subsea Production Control Systems - System Overview and Major Components/References/Subsea Engineering Handbook (2010).pdf	46814271
1.01 - Subsea Production Control Systems - System Overview and Major Components/References/Thumbs.db	30720
1.01 - Subsea Production Control Systems - System Overview and Major Components/Subsea Production Control Systems - Part 1, System Overview (Clean).pptx	5523253
1.01 - Subsea Production Control Systems - System Overview and Major Components/Subsea Production Control Systems - Part 1, System Overview (V1).pdf	4756812
1.01 - Subsea Production Control Systems - System Overview and Major Components/Subsea Production Control Systems - Part 1, System Overview (V1).pptx	6216793
1.01 - Subsea Production Control Systems - System Overview and Major Components/Subsea Production Control Systems - Part 2, Major Component Overview (Clean).pptx	8357421
1.01 - Subsea Production Control Systems - System Overview and Major Components/Subsea Production Control Systems - Part 2, Major Component Overview (V1).pdf	5818906
1.01 - Subsea Production Control Systems - System Overview and Major Components/Subsea Production Control Systems - Part 2, Major Component Overview (V1).pptx	10168943
1.01 - Subsea Production Control Systems - System Overview and Major Components/Thumbs.db	103936
1.02 - Subsea Umbilical Systems - System Overview and Major Components/Embedded Charts/Hydrostatic Pressure.xlsx	16426
1.02 - Subsea Umbilical Systems - System Overview and Major Components/Embedded Charts/Thumbs.db	29696
1.02 - Subsea Umbilical Systems - System Overview and Major Components/Embedded Charts/Umbilical Tube Size Calculation per API 17E, Simplified (V0).mcdx	132628
1.02 - Subsea Umbilical Systems - System Overview and Major Components/Embedded Charts/Umbilical Tube Size Calculation per API 17E, Simplified (V0).pdf	70282
1.02 - Subsea Umbilical Systems - System Overview and Major Components/Embedded Charts/Umbilical Weight.mcdx	8530
1.02 - Subsea Umbilical Systems - System Overview and Major Components/Embedded Charts/Umbilical.vsd	402432
1.02 - Subsea Umbilical Systems - System Overview and Major Components/INSTALLA.PDF	5923161
1.02 - Subsea Umbilical Systems - System Overview and Major Components/Movies/Deep Down, Inc. Umbilical Carousel SIT test (System Integration Testing).mp4	16066327
1.02 - Subsea Umbilical Systems - System Overview and Major Components/Movies/Jack & St Malo Umbilical & End Termination Installation.mp4	20386031
1.02 - Subsea Umbilical Systems - System Overview and Major Components/Movies/Jan De Nul Group - Installation of Umbilicals - Kirinskoye Gas and Condensate Field (Russia).mp4	28214198
1.02 - Subsea Umbilical Systems - System Overview and Major Components/Movies/Kreuz Subsea   Engineering, Mobilisation, Umbilical Lay.mp4	46567467
1.02 - Subsea Umbilical Systems - System Overview and Major Components/Movies/Thumbs.db	20480
1.02 - Subsea Umbilical Systems - System Overview and Major Components/Old Revisions/Subsea Umbilical Systems - Part 1, System Overview (V1).pptx	8514276
1.02 - Subsea Umbilical Systems - System Overview and Major Components/Old Revisions/Subsea Umbilical Systems - Part 1, System Overview (V1.1).pptx	10632171
1.02 - Subsea Umbilical Systems - System Overview and Major Components/Old Revisions/Subsea Umbilical Systems - Part 1, System Overview (V1.2).pptx	10763474
1.02 - Subsea Umbilical Systems - System Overview and Major Components/Old Revisions/Subsea Umbilical Systems - Part 2, Major Component Overview (V1).pptx	7060807
1.02 - Subsea Umbilical Systems - System Overview and Major Components/Old Revisions/Subsea Umbilical Systems - Part 2, Major Component Overview (V1.1).pptx	7318561
1.02 - Subsea Umbilical Systems - System Overview and Major Components/Old Revisions/Subsea Umbilical Systems - Part 3, Delivery Overview (V1).pptx	7573955
1.02 - Subsea Umbilical Systems - System Overview and Major Components/Old Revisions/Subsea Umbilical Systems - Part 3, Delivery Overview (V1.1).pptx	7576937
1.02 - Subsea Umbilical Systems - System Overview and Major Components/Old Revisions/Subsea Umbilical Systems - Part 3, Delivery Overview (V1.2).pptx	8317053
1.02 - Subsea Umbilical Systems - System Overview and Major Components/Old Revisions/Thumbs.db	54272
1.02 - Subsea Umbilical Systems - System Overview and Major Components/References/AKPO Umbilicals Engineering and Manufacturing Close-Out Report.pdf	3899313
1.02 - Subsea Umbilical Systems - System Overview and Major Components/References/API 17E - Specification for Subsea Umbilicals.pdf	30048614
1.02 - Subsea Umbilical Systems - System Overview and Major Components/References/API 17I - Installation Guidelines for Subsea Umbilicals.pdf	16902994
1.02 - Subsea Umbilical Systems - System Overview and Major Components/References/BS EN ISO 13628-5 - Design and Operation of Subsea Production Systems - Subsea Umbilicals.pdf	30071330
1.02 - Subsea Umbilical Systems - System Overview and Major Components/References/DNV - Umbilical Design Using UmbiliCAD and Helica.pdf	1785909
1.02 - Subsea Umbilical Systems - System Overview and Major Components/References/DNV-RP-F401 - Electrical Power Cables in Subsea Applications.pdf	262930
1.02 - Subsea Umbilical Systems - System Overview and Major Components/References/Duco - Applications.pdf	2499816
1.02 - Subsea Umbilical Systems - System Overview and Major Components/References/Duco - Cables.pdf	4503549
1.02 - Subsea Umbilical Systems - System Overview and Major Components/References/Duco - Global Analysis.pdf	2117291
1.02 - Subsea Umbilical Systems - System Overview and Major Components/References/Duco - Hardware Design.pdf	7583883
1.02 - Subsea Umbilical Systems - System Overview and Major Components/References/Duco - Introduction to Engineering.pdf	3002196
1.02 - Subsea Umbilical Systems - System Overview and Major Components/References/Duco - Local Analysis.pdf	2188408
1.02 - Subsea Umbilical Systems - System Overview and Major Components/References/Duco - Steel Tube.pdf	2377063
1.02 - Subsea Umbilical Systems - System Overview and Major Components/References/Duco - Thermoplastic Hoses.pdf	1686239
1.02 - Subsea Umbilical Systems - System Overview and Major Components/References/Duco - Umbilical Design.pdf	3306309
1.02 - Subsea Umbilical Systems - System Overview and Major Components/References/Duco - Umbilical Handling.pdf	3388787
1.02 - Subsea Umbilical Systems - System Overview and Major Components/References/Duco - Umbilical Manufacturing Overview.pdf	8372078
1.02 - Subsea Umbilical Systems - System Overview and Major Components/References/How Maximum Allowable Tension of Cables and Umbilicals is Influenced by Friction.pdf	1000332
1.02 - Subsea Umbilical Systems - System Overview and Major Components/References/IEC 60038 - Standard Voltages.pdf	358507
1.02 - Subsea Umbilical Systems - System Overview and Major Components/References/IEC 60228 - Conductors and Insulated Cables.pdf	3648748
1.02 - Subsea Umbilical Systems - System Overview and Major Components/References/IEC 60502-1 - Power Cables and Extruded Insulation and Their Accessories for Rated Voltages.pdf	14665111
1.02 - Subsea Umbilical Systems - System Overview and Major Components/References/IEC 60502-2 - Power Cables and Extruded Insulation and Their Accessories for Rated Voltages.pdf	23731057
1.02 - Subsea Umbilical Systems - System Overview and Major Components/References/Introduction to Subsea Engineering for Electrical Engineers.pdf	1866157
1.02 - Subsea Umbilical Systems - System Overview and Major Components/References/JDR - Liuhua 4-1 Subsea Tieback Project.pdf	5074660
1.02 - Subsea Umbilical Systems - System Overview and Major Components/References/NORSOK U-Cr-006 - Subsea Production Control Umbilical.pdf	136547
1.02 - Subsea Umbilical Systems - System Overview and Major Components/References/Numerical and Experimental Analysis of Umbilical Cables under Tension.pdf	712648
1.02 - Subsea Umbilical Systems - System Overview and Major Components/References/Oceaneering - I and J Tube Seals.pdf	647754
1.02 - Subsea Umbilical Systems - System Overview and Major Components/References/Oceaneering - Pull-in and Hang Off Systems.pdf	587739
1.02 - Subsea Umbilical Systems - System Overview and Major Components/References/Oceaneering - Subsea Umbilical Termination Interface.pdf	406147
1.02 - Subsea Umbilical Systems - System Overview and Major Components/References/Oceaneering - Umbilical Tie Back Collar.pdf	581526
1.02 - Subsea Umbilical Systems - System Overview and Major Components/References/Risk-Based Structural Analysis of Frade Umbilical Cables (2009).pdf	466999
1.02 - Subsea Umbilical Systems - System Overview and Major Components/References/SPE 166565 - Umbilical Lay In Challenging Environmental Conditions (2013).pdf	1569042
1.02 - Subsea Umbilical Systems - System Overview and Major Components/References/Subsea Umbilical Systems from Subsea Engineering Handbook.pdf	1713490
1.02 - Subsea Umbilical Systems - System Overview and Major Components/References/Subsea Umbilicals and Power Cables.pdf	4724771
1.02 - Subsea Umbilical Systems - System Overview and Major Components/References/Technip – Umbilical Systems.pdf	1297482
1.02 - Subsea Umbilical Systems - System Overview and Major Components/References/Thumbs.db	134656
1.02 - Subsea Umbilical Systems - System Overview and Major Components/References/UMF-GN01 (Comparison of Steel Tubes and Thermoplastic Hoses in Umbilical Service).pdf	126829
1.02 - Subsea Umbilical Systems - System Overview and Major Components/References/UMF-GN02 (Glossary of Terms and Abbreviated Terms for use with Umbilical Systems).pdf	259212
1.02 - Subsea Umbilical Systems - System Overview and Major Components/References/UMF-GN03 (Material Data Sheet for Super Duplex Tubes).pdf	40721
1.02 - Subsea Umbilical Systems - System Overview and Major Components/References/UMF-GN04 (Free Span Analysis).pdf	161990
1.02 - Subsea Umbilical Systems - System Overview and Major Components/References/UMF-GN05 (Umbilical Systems – Typical Manufacturer-Installer Interface Guidelines).pdf	105640
1.02 - Subsea Umbilical Systems - System Overview and Major Components/References/UMF-GN06 (Umbilical Storage Guidelines).pdf	62393
1.02 - Subsea Umbilical Systems - System Overview and Major Components/References/UMF-GN07 (Standard Template for Relevant Umbilical Installation Parameters).pdf	108267
1.02 - Subsea Umbilical Systems - System Overview and Major Components/References/Umbilicals - Subseapedia.pdf	1210492
1.02 - Subsea Umbilical Systems - System Overview and Major Components/Subsea Umbilical Systems - Part 1, System Overview (V1.3).pdf	4774974
1.02 - Subsea Umbilical Systems - System Overview and Major Components/Subsea Umbilical Systems - Part 1, System Overview (V1.3).pptx	10763268
1.02 - Subsea Umbilical Systems - System Overview and Major Components/Subsea Umbilical Systems - Part 2, Major Component Overview (V1.3).pdf	4222961
1.02 - Subsea Umbilical Systems - System Overview and Major Components/Subsea Umbilical Systems - Part 2, Major Component Overview (V1.3).pptx	7323034
1.02 - Subsea Umbilical Systems - System Overview and Major Components/Subsea Umbilical Systems - Part 3, Delivery Overview (V1.3).pdf	4258363
1.02 - Subsea Umbilical Systems - System Overview and Major Components/Subsea Umbilical Systems - Part 3, Delivery Overview (V1.3).pptx	8368877
1.02 - Subsea Umbilical Systems - System Overview and Major Components/Thumbs.db	272384
1.03 - Installation and Workover Control Systems - System and Major Component Overview/Embedded Charts/IWOCS Diagrams.vsd	2519552
1.03 - Installation and Workover Control Systems - System and Major Component Overview/Embedded Charts/Subsea Accumulator Sizing, Simplified (V1.0).mcdx	5016548
1.03 - Installation and Workover Control Systems - System and Major Component Overview/Embedded Charts/Subsea Accumulator Sizing, Simplified (V1.0).pdf	425126
1.03 - Installation and Workover Control Systems - System and Major Component Overview/Embedded Charts/Thumbs.db	29696
1.03 - Installation and Workover Control Systems - System and Major Component Overview/Installation and Workover Control Systems - Part 1, System Overview (V1.3).pdf	5986151
1.03 - Installation and Workover Control Systems - System and Major Component Overview/Installation and Workover Control Systems - Part 1, System Overview (V1.3).pptx	8238216
1.03 - Installation and Workover Control Systems - System and Major Component Overview/Installation and Workover Control Systems - Part 2, Major Component Overview (V1.2).pdf	6023984
1.03 - Installation and Workover Control Systems - System and Major Component Overview/Installation and Workover Control Systems - Part 2, Major Component Overview (V1.2).pptx	9855387
1.03 - Installation and Workover Control Systems - System and Major Component Overview/Installation and Workover Control Systems - Part 3, Operational Overview (DRAFT).pptx	2434999
1.03 - Installation and Workover Control Systems - System and Major Component Overview/Movies/Aker Solutions' modularised workover system.mp4	87666825
1.03 - Installation and Workover Control Systems - System and Major Component Overview/Movies/Expro - Horizontal Landing String.mp4	25762974
1.03 - Installation and Workover Control Systems - System and Major Component Overview/Movies/Expro - Vertical Landing String.mp4.mp4	24744961
1.03 - Installation and Workover Control Systems - System and Major Component Overview/Movies/SURF Challenger tree installation.mp4	26969757
1.03 - Installation and Workover Control Systems - System and Major Component Overview/Movies/Subsea intervention system.mp4	51699840
1.03 - Installation and Workover Control Systems - System and Major Component Overview/Movies/Thumbs.db	34304
1.03 - Installation and Workover Control Systems - System and Major Component Overview/Old Revisions/Installation and Workover Control Systems - Part 1, System Overview (V1.0).pdf	5532857
1.03 - Installation and Workover Control Systems - System and Major Component Overview/Old Revisions/Installation and Workover Control Systems - Part 1, System Overview (V1.0).pptx	8015688
1.03 - Installation and Workover Control Systems - System and Major Component Overview/Old Revisions/Installation and Workover Control Systems - Part 1, System Overview (V1.1).pdf	5547707
1.03 - Installation and Workover Control Systems - System and Major Component Overview/Old Revisions/Installation and Workover Control Systems - Part 1, System Overview (V1.1).pptx	8015984
1.03 - Installation and Workover Control Systems - System and Major Component Overview/Old Revisions/Installation and Workover Control Systems - Part 1, System Overview (V1.2).pdf	5938356
1.03 - Installation and Workover Control Systems - System and Major Component Overview/Old Revisions/Installation and Workover Control Systems - Part 1, System Overview (V1.2).pptx	8249280
1.03 - Installation and Workover Control Systems - System and Major Component Overview/Old Revisions/Installation and Workover Control Systems - Part 2, Major Component Overview (V1.0).pdf	5923161
1.03 - Installation and Workover Control Systems - System and Major Component Overview/Old Revisions/Installation and Workover Control Systems - Part 2, Major Component Overview (V1.0).pptx	9844374
1.03 - Installation and Workover Control Systems - System and Major Component Overview/Old Revisions/Installation and Workover Control Systems - Part 2, Major Component Overview (V1.1).pdf	5928202
1.03 - Installation and Workover Control Systems - System and Major Component Overview/Old Revisions/Installation and Workover Control Systems - Part 2, Major Component Overview (V1.1).pptx	9848768
1.03 - Installation and Workover Control Systems - System and Major Component Overview/Old Revisions/Thumbs.db	129024
1.03 - Installation and Workover Control Systems - System and Major Component Overview/References/API 16D (2005) - Specification for Control Systems for Drilling Well Control Equipment.pdf	33143390
1.03 - Installation and Workover Control Systems - System and Major Component Overview/References/API 17A (2011) - Design and Operation of Subsea Production Systems - General Requirements and Recommendations.pdf	38029902
1.03 - Installation and Workover Control Systems - System and Major Component Overview/References/API 17D (2013) - Design and Operation of Subsea Production Systems - Subsea Wellhead and Tree Equipment.pdf	37429912
1.03 - Installation and Workover Control Systems - System and Major Component Overview/References/API 17E (2011) - Specification for Subsea Umbilicals.pdf	30048614
1.03 - Installation and Workover Control Systems - System and Major Component Overview/References/API 17F (2017) - Standard for Subsea Production Control Systems.pdf	2536378
1.03 - Installation and Workover Control Systems - System and Major Component Overview/References/API 17G (2011) - Recommended Practice for Completion and Workover Systems.pdf	38129029
1.03 - Installation and Workover Control Systems - System and Major Component Overview/References/API 17H (2013) - Remotely Operated Tools and Interfaces on Subsea Production Systems.pdf	13413159
1.03 - Installation and Workover Control Systems - System and Major Component Overview/References/Analysis of Component Criticality in the Blowout Preventer (2012).pdf	3976760
1.03 - Installation and Workover Control Systems - System and Major Component Overview/References/Canyon Express - Well Completions for Deepwater Gas Producers.pdf	179469
1.03 - Installation and Workover Control Systems - System and Major Component Overview/References/Deep Water Gas Charged Accumulator (2004), Texas A&M.pdf	943010
1.03 - Installation and Workover Control Systems - System and Major Component Overview/References/Doris - IWOCS Operational Mode Block Diagram.jpg	427652
1.03 - Installation and Workover Control Systems - System and Major Component Overview/References/Expro - Bore Selector.pdf	1640921
1.03 - Installation and Workover Control Systems - System and Major Component Overview/References/Expro - Dual Bore.pdf	664032
1.03 - Installation and Workover Control Systems - System and Major Component Overview/References/Expro - Exploration and Appraisal.pdf	349919
1.03 - Installation and Workover Control Systems - System and Major Component Overview/References/Expro - High Debris.pdf	3500562
1.03 - Installation and Workover Control Systems - System and Major Component Overview/References/Expro - High Pressure.pdf	2489348
1.03 - Installation and Workover Control Systems - System and Major Component Overview/References/Expro - Large Bore.pdf	2600911
1.03 - Installation and Workover Control Systems - System and Major Component Overview/References/Expro - Open Water Lubricator Valve.pdf	2832192
1.03 - Installation and Workover Control Systems - System and Major Component Overview/References/FMC Installation - Dual Bore.pdf	10433036
1.03 - Installation and Workover Control Systems - System and Major Component Overview/References/FMC Installation - EHXT.pdf	10455801
1.03 - Installation and Workover Control Systems - System and Major Component Overview/References/FMC Installation - EVDT.pdf	20566305
1.03 - Installation and Workover Control Systems - System and Major Component Overview/References/FMC Slimbore Completion Patent (US6715554).pdf	1995802
1.03 - Installation and Workover Control Systems - System and Major Component Overview/References/FMC Well Access Systems.pdf	989774
1.03 - Installation and Workover Control Systems - System and Major Component Overview/References/GP650502 (IWOCS).pdf	258284
1.03 - Installation and Workover Control Systems - System and Major Component Overview/References/GP650603 (IWOCS).pdf	235772
1.03 - Installation and Workover Control Systems - System and Major Component Overview/References/HCS Controls.pdf	7098217
1.03 - Installation and Workover Control Systems - System and Major Component Overview/References/HYDAC Accumulators.pdf	656459
1.03 - Installation and Workover Control Systems - System and Major Component Overview/References/IWOCS Brochure - Cameron.pdf	4085566
1.03 - Installation and Workover Control Systems - System and Major Component Overview/References/IWOCS Brochure - FMC 1.pdf	2470530
1.03 - Installation and Workover Control Systems - System and Major Component Overview/References/IWOCS Brochure - FMC 2.pdf	692590
1.03 - Installation and Workover Control Systems - System and Major Component Overview/References/IWOCS Brochure - FMC 3.pdf	2182075
1.03 - Installation and Workover Control Systems - System and Major Component Overview/References/IWOCS Brochure - GE.pdf	2626825
1.03 - Installation and Workover Control Systems - System and Major Component Overview/References/IWOCS Brochure - Oceaneering.pdf	1723542
1.03 - Installation and Workover Control Systems - System and Major Component Overview/References/IWOCS Umbilical - Oceaneering.pdf	219754
1.03 - Installation and Workover Control Systems - System and Major Component Overview/References/Introduction to Subsea Production Systems – Drilling and Wells.pdf	1442087
1.03 - Installation and Workover Control Systems - System and Major Component Overview/References/Introduction to Subsea Production Systems – Xmas Tree Systems.pdf	855143
1.03 - Installation and Workover Control Systems - System and Major Component Overview/References/New tools extend deepwater well test, intervention capabilities - Oil & Gas Journal.pdf	147605
1.03 - Installation and Workover Control Systems - System and Major Component Overview/References/Thumbs.db	211456
1.03 - Installation and Workover Control Systems - System and Major Component Overview/Thumbs.db	298496
ADMIN-FORM-02 - Control Systems Lunch and Learn, Part 1.pdf	526561
ADMIN-FORM-02 - Control Systems Lunch and Learn, Part 2.pdf	519289
ADMIN-FORM-02 - Umbilical Systems Lunch and Learn, Part 1 (2018).pdf	520723
ADMIN-FORM-02 - Umbilical Systems Lunch and Learn, Part 2 (2018).pdf	519197
ADMIN-FORM-02 - Umbilical Systems Lunch and Learn, Part 3 (2018).pdf	519230
ADMIN-FORM-02 - Umbilical Systems Lunch and Learn, Part 3 Rescheduled (2018).pdf	513201
Corrosion/PipelineCorrosion_20101004.ppt	8197632
Corrosion/Thumbs.db	26624
DE Presentations/DSME Training/DORIS Account Connection Information - DSME Training.pdf	40768
DE Presentations/DSME Training/DSME Training - Lunch plan.xls	45056
DE Presentations/DSME Training/DSME-training-kick-off_17-12-2010.ppt	2372608
DE Presentations/DSME Training/Thumbs.db	17920
DE Presentations/DSME Training/Training - Team-schedule.xls	118784
DE Presentations/DSME Training/Training content Rev 0 - BB.doc	252928
DE Presentations/ENI Training/E-23-M-Z-0411-00 Prep for and exec of 1st start up-A2.pdf	4377864
DE Presentations/ENI Training/E-23-M-Z-0411-00 Prep for and exec of 1st start up-A2_master ntc wo appendix.pdf	429495
DE Presentations/ENI Training/Operation manual.pdf	28559059
DE Presentations/SONANGOL Training/20141112_email_further_information/Composite riser.pdf	32888
DE Presentations/SONANGOL Training/20141112_email_further_information/DORIS_Brownfield_example_sample.pdf	1259867
DE Presentations/SONANGOL Training/20141112_email_further_information/DORIS_Other_mooring_systems.pdf	2047332
DE Presentations/SONANGOL Training/20141112_email_further_information/Final Report - Phase 2 - Summary Executive Report.pdf	507837
DE Presentations/SONANGOL Training/20141112_email_further_information/Final Report MFD 40 001 rev 01 Phase 1.pdf	3358281
DE Presentations/SONANGOL Training/Day_1/DEAL Presentation.ppt	2506240
DE Presentations/SONANGOL Training/Day_1/DORIS Presentation.pptx	30360653
DE Presentations/SONANGOL Training/Day_1/DORIS_Field_development_principles.pptx	3103527
DE Presentations/SONANGOL Training/Day_1/DORIS_Flow_assurance.pptx	11845007
DE Presentations/SONANGOL Training/Day_1/DORIS_Intro.ppt	1488896
DE Presentations/SONANGOL Training/Day_1/DORIS_Training_DORIS_rev00.ppt	35152896
DE Presentations/SONANGOL Training/Day_1/SONANGOL_Training_ANGOLA_Rev01.ppt	29619712
DE Presentations/SONANGOL Training/Day_1/SONANGOL_Training_SPS-Umbilical_Rev01.ppt	40798208
DE Presentations/SONANGOL Training/Day_1/Thumbs.db	58368
DE Presentations/SONANGOL Training/Day_2/DORIS_Safety.ppt	3730944
DE Presentations/SONANGOL Training/Day_2/DORIS_Support_platform.ppt	17039360
DE Presentations/SONANGOL Training/Day_2/DORIS_Support_platform_rev_1.ppt	17483264
DE Presentations/SONANGOL Training/Day_2/DORIS_Topsides.pptx	42864740
DE Presentations/SONANGOL Training/Day_2/SONANGOL_Training _INSTALL_Rev01.ppt	51151872
DE Presentations/SONANGOL Training/Day_2/SONANGOL_Training_Flowline_Rev01.ppt	6891008
DE Presentations/SONANGOL Training/Day_2/SONANGOL_Training_RISER_Rev01.ppt	66331648
DE Presentations/SONANGOL Training/Day_2/Thumbs.db	43008
DE Presentations/SONANGOL Training/Day_3/DORIS_Brownfield_example.ppt	14468608
DE Presentations/SONANGOL Training/Day_3/DORIS_Brownfield_example_sample.pdf	1259867
DE Presentations/SONANGOL Training/Day_3/DORIS_Brownfield_example_sample.ppt	14449664
DE Presentations/SONANGOL Training/Day_3/DORIS_Example_Basic.ppt	20018176
DE Presentations/SONANGOL Training/Day_3/DORIS_Example_conceptual.ppt	3835392
DE Presentations/SONANGOL Training/Day_3/DORIS_Other_mooring_systems.ppt	2860032
DE Presentations/SONANGOL Training/Day_3/DORIS_Training_Contractual_Rev01.ppt	2077696
DE Presentations/SONANGOL Training/Day_3/DORIS_Why_subsea_Separation.ppt	1300992
DE Presentations/SONANGOL Training/Day_3/FPU Total.wmv	828663425
DE Presentations/SONANGOL Training/Day_3/Thumbs.db	16896
DE Presentations/SONANGOL Training/Day_3/Total_MohoNord-BD.wmv	27535176
DE Presentations/SONANGOL Training/Pictures/IMG_0456.JPG	2303576
DE Presentations/SONANGOL Training/Pictures/IMG_0458.JPG	2101864
DE Presentations/SONANGOL Training/Pictures/IMG_0460.JPG	2495417
DE Presentations/SONANGOL Training/Pictures/IMG_0461.JPG	2136761
DE Presentations/SONANGOL Training/Questionnaire training SONANGOL.doc	144896
DE Presentations/SONANGOL Training/Questionnaires.PDF	1789475
DE Presentations/SONANGOL Training/attendees_email.PDF	272351
DE Presentations/SONANGOL Training/questionnaire.xls	51200
Doris University Course Schedule - 20180119.xls	51712
ENI Training/03_ITSS_Subsea_Overview - Felipe.pptx	89417802
ENI Training/03_ITSS_Subsea_Overview.pptx	44418399
ENI Training/04_ITSS_Well_Control - Felipe.pptx	33821993
ENI Training/05_ITSS_Subsea_Field_Planning.pptx	56437591
ENI Training/06a_ITSS_ Introduction_Control_Systems - Felipe.pptx	64476163
ENI Training/06b_ITSS_Subsea Distribution.pptx	36162137
ENI Training/07 - Controls level 2 training, HIPPS v2.pptx	8051459
ENI Training/07_ITSS_Subsea_Production_Control_Systems.pptx	17098976
ENI Training/08_ITSS_Field_Planning_EXERCISE.pptx	4420835
ENI Training/09_ITSS_Project_Execution_Structure.pptx	4161244
ENI Training/Controls Overview 2013-07.pptx	10205122
ENI Training/Drill Through Presentation - Felipe.pptx	1804427
ENI Training/Thumbs.db	82944
FieldLayout/BMP's/AJE-SB00-UGN-LAY-DOR-0000-00001-00_B01.bmp	2359350
FieldLayout/BMP's/AJE-SB00-UGN-LAY-DOR-0000-00001-00_B01_4.bmp	2359350
FieldLayout/BMP's/AJE-SB00-UGN-LAY-DOR-0000-00001-00_B01_5.bmp	1653524
FieldLayout/BMP's/AJE-SB00-UGN-LAY-DOR-0000-00001-00_B02.bmp	2359352
FieldLayout/BMP's/AJE-SB00-UGN-LAY-DOR-0000-00001-00_B03.bmp	2359352
FieldLayout/BMP's/AJE-SB00-UGN-LAY-DOR-0000-00001-00_C01-1.bmp	1653524
FieldLayout/BMP's/AJE-SB00-UGN-LAY-DOR-0000-00001-00_C01-2.bmp	2359350
FieldLayout/BMP's/AJE-SB00-UGN-LAY-DOR-0000-00001-00_C01-3.bmp	2359350
FieldLayout/BMP's/AJE-SB00-UGN-LAY-DOR-0000-00001-00_C01-4.bmp	1708830
FieldLayout/BMP's/AJE-SB00-UGN-LAY-DOR-0000-00001-00_C01.bmp	1708832
FieldLayout/BMP's/Aje FPSO Field Render ((8-05-09)).bmp	1987638
FieldLayout/BMP's/Aje FPSO Field Render (8-07-09).bmp	2359350
FieldLayout/BMP's/Aje FPSO Field Render (8-07-09)wide.bmp	2101302
FieldLayout/BMP's/Aje FPSO Field Render (Dual Calm Bouy) best.bmp	2359350
FieldLayout/BMP's/Aje FPSO Field Render (Dual Calm Bouy) top.bmp	2359350
FieldLayout/BMP's/Aje FPSO Field Render (Dual Calm Bouy).bmp	2359350
FieldLayout/BMP's/Aje FPSO Field Render (Dual Calm Bouy)10.bmp	2359350
FieldLayout/BMP's/Aje FPSO Field Render (Dual Calm Bouy)2.bmp	2359350
FieldLayout/BMP's/Aje FPSO Field Render (Dual Calm Bouy)3.bmp	2359350
FieldLayout/BMP's/Aje FPSO Field Render (Dual Calm Bouy)4.bmp	2359350
FieldLayout/BMP's/Aje FPSO Field Render (Dual Calm Bouy)5.bmp	2359350
FieldLayout/BMP's/Aje FPSO Field Render (Dual Calm Bouy)6.bmp	2359350
FieldLayout/BMP's/Aje FPSO Field Render (Dual Calm Bouy)7.bmp	2359350
FieldLayout/BMP's/Aje FPSO Field Render (Dual Calm Bouy)8.bmp	2359350
FieldLayout/BMP's/Aje FPSO Field Render (Dual Calm Bouy)9.bmp	2359350
FieldLayout/BMP's/Aje FPSO Field Render (FPSO with Dual Calm Bouy)-1.bmp	2359350
FieldLayout/BMP's/Aje FPSO Field Render (FPSO with Dual Calm Bouy)-2.bmp	2359350
FieldLayout/BMP's/Aje FPSO Field Render (FPSO with Dual Calm Bouy)-3.bmp	2359350
FieldLayout/BMP's/Aje FPSO Field Render (FPSO with Dual Calm Bouy)-4.bmp	2359350
FieldLayout/BMP's/Aje FPSO Field Render (FPSO with Dual Calm Bouy).bmp	2359350
FieldLayout/BMP's/Aje FPSO Field Render_01(8-07-09).bmp	2359350
FieldLayout/BMP's/Aje FPSO Field Render_02(8-07-09).bmp	2359350
FieldLayout/BMP's/Aje FPSO Field Render_02(8-07-09)wide.bmp	2144310
FieldLayout/BMP's/Aje FPSO Subsea Field Render 7-24-09.bmp	2359350
FieldLayout/BMP's/Aje Platform Subsea Field Render 7-24-09.bmp	2359350
FieldLayout/BMP's/Old BMP's/Aje FPSO Field Render (((Good Water))).bmp	2359350
FieldLayout/BMP's/Old BMP's/Aje FPSO Field Render ((Good Water)).bmp	2359350
FieldLayout/BMP's/Old BMP's/Aje FPSO Field Render ((Good)).bmp	2359350
FieldLayout/BMP's/Old BMP's/Aje FPSO Field Render (8-05-09).bmp	2359350
FieldLayout/BMP's/Old BMP's/Aje FPSO Field Render (Good Water).bmp	2359350
FieldLayout/BMP's/Old BMP's/Aje FPSO Field Render (Good).bmp	2359350
FieldLayout/BMP's/Old BMP's/Aje Field Render (Good).bmp	2359350
FieldLayout/BMP's/Old BMP's/Aje Field Render (Low Quality).bmp	4320054
FieldLayout/BMP's/Old BMP's/Aje Field Render (Presentation Quality).bmp	4320054
FieldLayout/BMP's/Old BMP's/Aje Field Render 6-18-09.bmp	2359350
FieldLayout/BMP's/Old BMP's/Aje Field Render Deep Blue (Final Presentation Quality) Cropped.bmp	2715294
FieldLayout/BMP's/Old BMP's/Aje Field Render Deep Blue (Final Presentation Quality).bmp	4320054
FieldLayout/BMP's/Old BMP's/Aje Field Render with Moornings (Presentation Quality).bmp	4320054
FieldLayout/BMP's/Old BMP's/Aje Field Render with Moornings Deep Blue (Presentation Quality).bmp	4320054
FieldLayout/BMP's/Old BMP's/Aje Field Render with Platform 6-16-09 (Presentation Quality).bmp	2359350
FieldLayout/BMP's/Old BMP's/Aje Platform Field Render ((Good)).bmp	2359350
FieldLayout/BMP's/Old BMP's/Aje Platform Field Render (Good Water).bmp	2359350
FieldLayout/BMP's/Old BMP's/Aje Platform Field Render (Good).bmp	2359350
FieldLayout/BMP's/Old BMP's/Aje Platform Field Render (Presentation Quality).bmp	4320054
FieldLayout/BMP's/Old BMP's/Thumbs.db	60416
FieldLayout/BMP's/Thumbs.db	245760
FieldLayout/BMP's/acad.err	260
FieldLayout/BMP's/plot.log	672
FieldLayout/FieldLayout_20101109.ppt	34106368
FieldLayout/Others/11-Shell_Exploration.ppt	5786624
FieldLayout/Others/AmericasEnergyCoastDWTechnology.ppt	1737728
FieldLayout/Others/FieldLayout_20101027.ppt	63066624
FieldLayout/Others/LysarkKristinFordal220304.ppt	7759360
FieldLayout/Others/OrmenProject.ppt	7624704
FieldLayout/Others/Thumbs.db	114176
FieldLayout/Others/shallwater_rock dump.ppt	5954048
FieldLayout/Thumbs.db	54784
Flexible Pipe/Introduction to Flexible Pipe.ppt	22609920
Flexible Pipe/Thumbs.db	50688
Flexible Pipe/ch04.ppt	144384
FreeSpan/FreeSpan_20101019.ppt	23308800
FreeSpan/Thumbs.db	26624
On-Bot/OnBotSta_20101011.ppt	8046592
On-Bot/Thumbs.db	55808
Rigid Jumper/Introduction to Rigid Jumper Installation.ppt	16418304
Rigid Jumper/Jumper installation.mpg	30159098
Rigid Jumper/Thumbs.db	60928
RiskM/Risk Assessment_20101004.ppt	7484416
RiskM/Thumbs.db	54272
ShoreAproach/ShoreApproachConsideration_20101116.ppt	12983296
ShoreAproach/ShoreApproachConstructionMethod_20101116.ppt	12158464
ShoreAproach/Thumbs.db	76288
ShoreAproach/VIDEO_TS/Thumbs.db	12800
ShoreAproach/VIDEO_TS/VIDEO_TS.BUP	16384
ShoreAproach/VIDEO_TS/VIDEO_TS.IFO	16384
ShoreAproach/VIDEO_TS/VIDEO_TS.VOB	116736
ShoreAproach/VIDEO_TS/VTS_01_0.BUP	26624
ShoreAproach/VIDEO_TS/VTS_01_0.IFO	26624
ShoreAproach/VIDEO_TS/VTS_01_0.VOB	81920
ShoreAproach/VIDEO_TS/VTS_01_1.VOB	499646464
ShoreAproach/VIDEO_TS/VTS_02_0.BUP	26624
ShoreAproach/VIDEO_TS/VTS_02_0.IFO	26624
ShoreAproach/VIDEO_TS/VTS_02_0.VOB	116736
ShoreAproach/VIDEO_TS/VTS_02_1.VOB	937750528
ShoreAproach/VIDEO_TS/VTS_03_0.BUP	18432
ShoreAproach/VIDEO_TS/VTS_03_0.IFO	18432
ShoreAproach/VIDEO_TS/VTS_03_0.VOB	116736
ShoreAproach/VIDEO_TS/VTS_03_1.VOB	181436416
ShoreAproach/VIDEO_TS/VTS_04_0.BUP	22528
ShoreAproach/VIDEO_TS/VTS_04_0.IFO	22528
ShoreAproach/VIDEO_TS/VTS_04_0.VOB	116736
ShoreAproach/VIDEO_TS/VTS_04_1.VOB	34375680
ShoreAproach/VIDEO_TS/VTS_05_0.BUP	24576
ShoreAproach/VIDEO_TS/VTS_05_0.IFO	24576
ShoreAproach/VIDEO_TS/VTS_05_0.VOB	116736
ShoreAproach/VIDEO_TS/VTS_05_1.VOB	542316544
ShoreAproach/old/ShoreApproach_20101027.ppt	12568064
ShoreAproach/old/Thumbs.db	26624
Stat Presentations/1 Introduction New (1).pptx	6398101
Stat Presentations/1. IFP training - Subsea Production Systems and Pipelines - CONTENT (1).pptx	1161998
Stat Presentations/2 Offshore Pipelines (1).pptx	30165683
Stat Presentations/2. Day 1am - Architecture and Equipment (1).pptx	49212127
Stat Presentations/3 Flexible Pipe (1).pptx	6670337
Stat Presentations/3 Flexible Pipe (2).pptx	6670336
Stat Presentations/3. Day 1pm-Day 2am - Operational challenges (1).pptx	21956256
Stat Presentations/4 Installation (1).pptx	16408796
Stat Presentations/4. Day 2pm - New Technologies (1).pptx	31848846
Stat Presentations/5 Risers (1).pptx	19516944
Stat Presentations/5. Day 3 am  - Pipeline and riser.ppt	40821248
Stat Presentations/6 Shore approach (1).pptx	35224275
Stat Presentations/6. Day 3 pm - Operations from Production Platform (1).pptx	45733861
Stat Presentations/7 pipeline Protection (1).pptx	15909388
Stat Presentations/7. Day 4 - Contruction and Intervention (1).ppt	35172864
Stat Presentations/8 Pigging (1).pptx	4045503
Stat Presentations/8 Pigging1 (1).pptx	3682335
Stat Presentations/8. Day 5 - Inspection  Maintenance and Repair (1).pptx	39263598
Stat Presentations/9 IMR (1).pptx	23277420
Stat Presentations/DAY 2 AM - STAT MARINE - Jacket Design, Fab, loadout, T&I, Piling-final.pptx	16938384
Stat Presentations/DAY 2 PM - STAT MARINE - Topsides Design, Fab, loadout, T&I, Hook-Up.pptx	26661762
Stat Presentations/Day 3 PM - Riser, spools, umbilicals, XT (1).pptx	39059055
Stat Presentations/Day 4 AM - IMR (1).pptx	66153255
Stat Presentations/IFP-22June2015AM-2 - Operational  & Submarine Constraints versus Conception (1).pptx	4598324
Stat Presentations/IFP-22June2015PM-1-DESIGN ENGINEERING (1).pptx	24572530
Stat Presentations/IFP-22June2015PM-2-DESIGN - MATERIAL SELECTION (1).pptx	31150730
Stat Presentations/IFP-22june2015am-1 - introduction - submarin architectur field (1).pptx	6416561
Stat Presentations/IFP-23June2015AM-1 Survey (1).pptx	4843297
Stat Presentations/IFP-23June2015AM-2 Selection of pipeline route (1).pptx	2443324
Stat Presentations/IFP-23June2015PM-1 Flexible lines (1).pptx	6776251
Stat Presentations/IFP-23June2015PM-2 Construction - Installation (1).pptx	15102529
Stat Presentations/IFP-24June2015AM-1 Construction & Installation - Shore approach (1).pptx	35958500
Stat Presentations/IFP-24June2015AM-2 Submarine Connexion (1).pptx	6521537
Stat Presentations/IFP-24June2015PM-1-Thermal Insulation (1).pptx	3554369
Stat Presentations/IFP-24June2015PM-2 PRECOMMISSIONING (1).pptx	22180568
Stat Presentations/IFP-25June2015AM-1&2 Integrity - Maintenance - Repair (1).pptx	30853097
Stat Presentations/IFP-25June2015PM1&2Exercicesrev1 (1).pptx	2005817
Stat Presentations/IFP-26June2015AM1 - FLOW ASSURANCE (1).pptx	12312106
Stat Presentations/IFP-26June2015AM2 - PIPELINE DEPOSITS (1).pptx	17157747
Stat Presentations/IFP-26June2015AM3 - Building Contracting Strategy (1).pptx	7662637
Stat Presentations/IFP-26June2015PM1 PRELUDE (1).pptx	12735321
Stat Presentations/IFP-26June2015PM2 SHTOKMAN (1).pptx	9970493
Stat Presentations/Thumbs.db	223744
Superceeded/Doris Lunchtime University syllabus - 20100902.xls	72704
Superceeded/Doris Lunchtime University syllabus - 20100920.xls	76800
Superceeded/Doris Lunchtime University syllabus - 20101001.xls	77312
Superceeded/Doris Lunchtime University syllabus - 20sep10dew.xls	83968
Superceeded/Doris Lunchtime University syllabus - draft.xls	58368
Superceeded/Doris U Syllabus rev PR.doc	48640
Superceeded/Doris U Syllabus rev PR.docm	23157
Superceeded/Doris U Syllabus.doc	47616
Thumbs.db	15360
draft presentations/Corrosion/PipelineCorrosion_20101004.ppt	5957120
draft presentations/Corrosion/Thumbs.db	56320
draft presentations/Directional Drilling School.ppt	7370240
draft presentations/FieldLayout/BMP's/AJE-SB00-UGN-LAY-DOR-0000-00001-00_B01.bmp	2359350
draft presentations/FieldLayout/BMP's/AJE-SB00-UGN-LAY-DOR-0000-00001-00_B01_4.bmp	2359350
draft presentations/FieldLayout/BMP's/AJE-SB00-UGN-LAY-DOR-0000-00001-00_B01_5.bmp	1653524
draft presentations/FieldLayout/BMP's/AJE-SB00-UGN-LAY-DOR-0000-00001-00_B02.bmp	2359352
draft presentations/FieldLayout/BMP's/AJE-SB00-UGN-LAY-DOR-0000-00001-00_B03.bmp	2359352
draft presentations/FieldLayout/BMP's/AJE-SB00-UGN-LAY-DOR-0000-00001-00_C01-1.bmp	1653524
draft presentations/FieldLayout/BMP's/AJE-SB00-UGN-LAY-DOR-0000-00001-00_C01-2.bmp	2359350
draft presentations/FieldLayout/BMP's/AJE-SB00-UGN-LAY-DOR-0000-00001-00_C01-3.bmp	2359350
draft presentations/FieldLayout/BMP's/AJE-SB00-UGN-LAY-DOR-0000-00001-00_C01-4.bmp	1708830
draft presentations/FieldLayout/BMP's/AJE-SB00-UGN-LAY-DOR-0000-00001-00_C01.bmp	1708832
draft presentations/FieldLayout/BMP's/Aje FPSO Field Render ((8-05-09)).bmp	1987638
draft presentations/FieldLayout/BMP's/Aje FPSO Field Render (8-07-09).bmp	2359350
draft presentations/FieldLayout/BMP's/Aje FPSO Field Render (8-07-09)wide.bmp	2101302
draft presentations/FieldLayout/BMP's/Aje FPSO Field Render (Dual Calm Bouy) best.bmp	2359350
draft presentations/FieldLayout/BMP's/Aje FPSO Field Render (Dual Calm Bouy) top.bmp	2359350
draft presentations/FieldLayout/BMP's/Aje FPSO Field Render (Dual Calm Bouy).bmp	2359350
draft presentations/FieldLayout/BMP's/Aje FPSO Field Render (Dual Calm Bouy)10.bmp	2359350
draft presentations/FieldLayout/BMP's/Aje FPSO Field Render (Dual Calm Bouy)2.bmp	2359350
draft presentations/FieldLayout/BMP's/Aje FPSO Field Render (Dual Calm Bouy)3.bmp	2359350
draft presentations/FieldLayout/BMP's/Aje FPSO Field Render (Dual Calm Bouy)4.bmp	2359350
draft presentations/FieldLayout/BMP's/Aje FPSO Field Render (Dual Calm Bouy)5.bmp	2359350
draft presentations/FieldLayout/BMP's/Aje FPSO Field Render (Dual Calm Bouy)6.bmp	2359350
draft presentations/FieldLayout/BMP's/Aje FPSO Field Render (Dual Calm Bouy)7.bmp	2359350
draft presentations/FieldLayout/BMP's/Aje FPSO Field Render (Dual Calm Bouy)8.bmp	2359350
draft presentations/FieldLayout/BMP's/Aje FPSO Field Render (Dual Calm Bouy)9.bmp	2359350
draft presentations/FieldLayout/BMP's/Aje FPSO Field Render (FPSO with Dual Calm Bouy)-1.bmp	2359350
draft presentations/FieldLayout/BMP's/Aje FPSO Field Render (FPSO with Dual Calm Bouy)-2.bmp	2359350
draft presentations/FieldLayout/BMP's/Aje FPSO Field Render (FPSO with Dual Calm Bouy)-3.bmp	2359350
draft presentations/FieldLayout/BMP's/Aje FPSO Field Render (FPSO with Dual Calm Bouy)-4.bmp	2359350
draft presentations/FieldLayout/BMP's/Aje FPSO Field Render (FPSO with Dual Calm Bouy).bmp	2359350
draft presentations/FieldLayout/BMP's/Aje FPSO Field Render_01(8-07-09).bmp	2359350
draft presentations/FieldLayout/BMP's/Aje FPSO Field Render_02(8-07-09).bmp	2359350
draft presentations/FieldLayout/BMP's/Aje FPSO Field Render_02(8-07-09)wide.bmp	2144310
draft presentations/FieldLayout/BMP's/Aje FPSO Subsea Field Render 7-24-09.bmp	2359350
draft presentations/FieldLayout/BMP's/Aje Platform Subsea Field Render 7-24-09.bmp	2359350
draft presentations/FieldLayout/BMP's/Old BMP's/Aje FPSO Field Render (((Good Water))).bmp	2359350
draft presentations/FieldLayout/BMP's/Old BMP's/Aje FPSO Field Render ((Good Water)).bmp	2359350
draft presentations/FieldLayout/BMP's/Old BMP's/Aje FPSO Field Render ((Good)).bmp	2359350
draft presentations/FieldLayout/BMP's/Old BMP's/Aje FPSO Field Render (8-05-09).bmp	2359350
draft presentations/FieldLayout/BMP's/Old BMP's/Aje FPSO Field Render (Good Water).bmp	2359350
draft presentations/FieldLayout/BMP's/Old BMP's/Aje FPSO Field Render (Good).bmp	2359350
draft presentations/FieldLayout/BMP's/Old BMP's/Aje Field Render (Good).bmp	2359350
draft presentations/FieldLayout/BMP's/Old BMP's/Aje Field Render (Low Quality).bmp	4320054
draft presentations/FieldLayout/BMP's/Old BMP's/Aje Field Render (Presentation Quality).bmp	4320054
draft presentations/FieldLayout/BMP's/Old BMP's/Aje Field Render 6-18-09.bmp	2359350
draft presentations/FieldLayout/BMP's/Old BMP's/Aje Field Render Deep Blue (Final Presentation Quality) Cropped.bmp	2715294
draft presentations/FieldLayout/BMP's/Old BMP's/Aje Field Render Deep Blue (Final Presentation Quality).bmp	4320054
draft presentations/FieldLayout/BMP's/Old BMP's/Aje Field Render with Moornings (Presentation Quality).bmp	4320054
draft presentations/FieldLayout/BMP's/Old BMP's/Aje Field Render with Moornings Deep Blue (Presentation Quality).bmp	4320054
draft presentations/FieldLayout/BMP's/Old BMP's/Aje Field Render with Platform 6-16-09 (Presentation Quality).bmp	2359350
draft presentations/FieldLayout/BMP's/Old BMP's/Aje Platform Field Render ((Good)).bmp	2359350
draft presentations/FieldLayout/BMP's/Old BMP's/Aje Platform Field Render (Good Water).bmp	2359350
draft presentations/FieldLayout/BMP's/Old BMP's/Aje Platform Field Render (Good).bmp	2359350
draft presentations/FieldLayout/BMP's/Old BMP's/Aje Platform Field Render (Presentation Quality).bmp	4320054
draft presentations/FieldLayout/BMP's/Old BMP's/Thumbs.db	75776
draft presentations/FieldLayout/BMP's/Thumbs.db	254976
draft presentations/FieldLayout/BMP's/acad.err	260
draft presentations/FieldLayout/BMP's/plot.log	672
draft presentations/FieldLayout/FieldLayout_20101109.ppt	59658752
draft presentations/FieldLayout/Others/11-Shell_Exploration.ppt	5786624
draft presentations/FieldLayout/Others/AmericasEnergyCoastDWTechnology.ppt	1737728
draft presentations/FieldLayout/Others/FieldLayout_20101027.ppt	63066624
draft presentations/FieldLayout/Others/LysarkKristinFordal220304.ppt	7759360
draft presentations/FieldLayout/Others/OrmenProject.ppt	7621632
draft presentations/FieldLayout/Others/Thumbs.db	70656
draft presentations/FieldLayout/Others/shallwater_rock dump.ppt	5952000
draft presentations/FieldLayout/Thumbs.db	80384
draft presentations/FieldLayout/ch04.ppt	144384
draft presentations/Flexible Pipe/Introduction to Flexible Pipe.ppt	22609920
draft presentations/Flexible Pipe/Thumbs.db	50688
draft presentations/FreeSpan/FreeSpan_20101019.ppt	23312384
draft presentations/FreeSpan/Thumbs.db	26624
draft presentations/Horizontal Drilling School.ppt	3801088
draft presentations/Integrity management/DI Integrity Managment to Chevron - 20100412.pptm	66256479
draft presentations/On-Bottom Stability/OnBotSta_20101011.ppt	10385920
draft presentations/On-Bottom Stability/Thumbs.db	26112
draft presentations/Operator Training/Azurite subsea operator training.ppt	63481344
draft presentations/Process Engineering/Compressor Presentation.pptx	16630852
draft presentations/Process Engineering/Separator Presentation.pptx	10086715
draft presentations/Rigid Jumper/Introduction to Rigid Jumper Installation.ppt	16417792
draft presentations/Rigid Jumper/Jumper installation.mpg	30159098
draft presentations/Rigid Jumper/Thumbs.db	32256
draft presentations/Risk management/Risk Assessment_20100922.ppt	8784896
draft presentations/Risk management/Risk Assessment_20101004.ppt	7484416
draft presentations/Risk management/Thumbs.db	83456
draft presentations/ShoreAproach/ShoreApproachConsideration_20101116.ppt	12983296
draft presentations/ShoreAproach/ShoreApproachConstructionMethod_20101116.ppt	12157952
draft presentations/ShoreAproach/Thumbs.db	47616
draft presentations/ShoreAproach/VIDEO_TS/Thumbs.db	12800
draft presentations/ShoreAproach/VIDEO_TS/VIDEO_TS.BUP	16384
draft presentations/ShoreAproach/VIDEO_TS/VIDEO_TS.IFO	16384
draft presentations/ShoreAproach/VIDEO_TS/VIDEO_TS.VOB	116736
draft presentations/ShoreAproach/VIDEO_TS/VTS_01_0.BUP	26624
draft presentations/ShoreAproach/VIDEO_TS/VTS_01_0.IFO	26624
draft presentations/ShoreAproach/VIDEO_TS/VTS_01_0.VOB	81920
draft presentations/ShoreAproach/VIDEO_TS/VTS_01_1.VOB	499646464
draft presentations/ShoreAproach/VIDEO_TS/VTS_02_0.BUP	26624
draft presentations/ShoreAproach/VIDEO_TS/VTS_02_0.IFO	26624
draft presentations/ShoreAproach/VIDEO_TS/VTS_02_0.VOB	116736
draft presentations/ShoreAproach/VIDEO_TS/VTS_02_1.VOB	937750528
draft presentations/ShoreAproach/VIDEO_TS/VTS_03_0.BUP	18432
draft presentations/ShoreAproach/VIDEO_TS/VTS_03_0.IFO	18432
draft presentations/ShoreAproach/VIDEO_TS/VTS_03_0.VOB	116736
draft presentations/ShoreAproach/VIDEO_TS/VTS_03_1.VOB	181436416
draft presentations/ShoreAproach/VIDEO_TS/VTS_04_0.BUP	22528
draft presentations/ShoreAproach/VIDEO_TS/VTS_04_0.IFO	22528
draft presentations/ShoreAproach/VIDEO_TS/VTS_04_0.VOB	116736
draft presentations/ShoreAproach/VIDEO_TS/VTS_04_1.VOB	34375680
draft presentations/ShoreAproach/VIDEO_TS/VTS_05_0.BUP	24576
draft presentations/ShoreAproach/VIDEO_TS/VTS_05_0.IFO	24576
draft presentations/ShoreAproach/VIDEO_TS/VTS_05_0.VOB	116736
draft presentations/ShoreAproach/VIDEO_TS/VTS_05_1.VOB	542316544
draft presentations/ShoreAproach/old/ShoreApproach_20101027.ppt	12568064
draft presentations/ShoreAproach/old/Thumbs.db	26624
draft presentations/Subsea Controls/DORIS - Hydrate Formation in Control Lines.pptx	4010758
draft presentations/Subsea Controls/Integrating Difference SPS Vendors.pptx	6053119
draft presentations/Technical Writing/Handbook for Technical Writers.pdf	3080520
draft presentations/Technical Writing/Technical Writing Lunch n Learn 2010.ppt	1908224
draft presentations/Technical Writing/Thumbs.db	18432
draft presentations/Thumbs.db	321024
wetransfer-c96e4a.zip	0
wetransfer-c96e4a.zip.1ow1jbq.partial	804099887
wetransfer-c96e4a.zip.laiah9r.partial	804099887
